Snow ratio,Log likelihood,Error std
0.73,-1146678.33,1.18
0.73,-1146740.0,1.18
0.73,-1146785.62,1.18
0.72,-1146815.77,1.18
0.73,-1146865.77,1.18
0.73,-1146927.57,1.18
0.73,-1146972.37,1.18
0.73,-1146984.43,1.18
0.73,-1147084.3,1.18
0.73,-1147136.27,1.18
0.72,-1147137.29,1.18
0.72,-1147189.18,1.18
0.72,-1148033.95,1.18
0.74,-1148340.52,1.18
0.74,-1148505.24,1.18
0.74,-1148529.08,1.18
0.74,-1148752.38,1.18
0.74,-1148868.98,1.18
0.74,-1148967.4,1.18
0.74,-1149207.1,1.18
0.74,-1149541.79,1.18
0.74,-1149638.06,1.18
0.71,-1150404.93,1.18
0.71,-1150560.63,1.18
0.74,-1151550.33,1.18
0.71,-1151882.47,1.18
0.71,-1152896.71,1.18
0.71,-1153031.36,1.18
0.74,-1153435.04,1.18
0.74,-1153614.58,1.18
0.74,-1153644.93,1.18
0.71,-1154293.81,1.18
0.71,-1154384.69,1.18
0.71,-1154696.65,1.18
0.71,-1154974.07,1.18
0.71,-1155903.14,1.18
0.71,-1155998.05,1.18
0.71,-1156567.97,1.18
0.71,-1156707.6,1.18
0.71,-1156961.76,1.18
0.75,-1157174.83,1.18
0.75,-1157427.17,1.18
0.7,-1158727.83,1.18
0.7,-1159339.57,1.18
0.75,-1161036.93,1.18
0.7,-1161193.73,1.18
0.7,-1161387.92,1.18
0.75,-1161893.51,1.18
0.75,-1162597.18,1.18
0.7,-1163109.24,1.18
0.7,-1163220.84,1.18
0.7,-1163323.17,1.18
0.75,-1163431.79,1.18
0.76,-1164513.17,1.18
0.7,-1165543.74,1.18
0.7,-1166184.94,1.18
0.7,-1166899.27,1.18
0.7,-1167465.16,1.18
0.76,-1168010.34,1.18
0.7,-1168868.51,1.18
0.76,-1169155.9,1.18
0.7,-1170196.08,1.18
0.69,-1171305.5,1.18
0.69,-1171606.41,1.18
0.69,-1171664.51,1.18
0.69,-1172500.98,1.18
0.69,-1174715.32,1.18
0.69,-1174734.22,1.18
0.76,-1174840.3,1.18
0.69,-1175009.39,1.18
0.76,-1175147.7,1.18
0.76,-1175264.08,1.18
0.69,-1177460.54,1.18
0.69,-1177908.99,1.18
0.69,-1178441.97,1.18
0.76,-1178469.2,1.18
0.69,-1178804.96,1.18
0.69,-1178924.72,1.18
0.69,-1179546.53,1.18
0.69,-1179878.36,1.18
0.69,-1184964.78,1.18
0.77,-1186800.64,1.18
0.77,-1187125.6,1.18
0.77,-1187976.67,1.18
0.68,-1188216.16,1.18
0.77,-1188503.78,1.18
0.68,-1190420.85,1.18
0.77,-1191605.53,1.18
0.77,-1192125.54,1.18
0.68,-1193494.26,1.18
0.77,-1193517.86,1.18
0.68,-1194357.39,1.18
0.77,-1195379.91,1.18
0.77,-1195554.83,1.18
0.77,-1196568.53,1.18
0.68,-1205023.75,1.18
0.78,-1207321.5,1.18
0.67,-1209973.95,1.18
0.78,-1211911.18,1.18
0.78,-1212183.03,1.18
0.67,-1212905.11,1.18
0.78,-1216141.92,1.18
0.67,-1216339.77,1.18
0.78,-1219186.63,1.18
0.67,-1223019.62,1.18
0.67,-1225788.52,1.18
0.79,-1226109.99,1.18
0.67,-1226545.45,1.18
0.67,-1226878.34,1.18
0.79,-1228959.76,1.18
0.67,-1233221.42,1.18
0.67,-1234107.14,1.18
0.66,-1235110.37,1.18
0.79,-1237747.8,1.18
0.79,-1238423.91,1.18
0.79,-1238654.96,1.18
0.66,-1239859.25,1.18
0.66,-1242892.82,1.18
0.66,-1243024.46,1.18
0.79,-1243623.45,1.18
0.79,-1244730.56,1.18
0.79,-1245087.75,1.18
0.66,-1245598.82,1.18
0.66,-1246235.63,1.18
0.66,-1246882.1,1.18
0.79,-1250226.96,1.18
0.66,-1250322.9,1.18
0.8,-1250563.67,1.18
0.66,-1251856.64,1.18
0.8,-1255869.89,1.18
0.8,-1257025.28,1.18
0.8,-1257795.01,1.18
0.66,-1259779.06,1.18
0.8,-1260770.88,1.18
0.66,-1263767.69,1.18
0.8,-1264190.07,1.18
0.66,-1264965.8,1.18
0.66,-1265059.24,1.18
0.66,-1265350.49,1.18
0.65,-1266177.56,1.18
0.65,-1266679.32,1.18
0.65,-1266979.48,1.18
0.65,-1269515.92,1.18
0.65,-1270586.86,1.18
0.8,-1272267.93,1.18
0.65,-1272632.74,1.18
0.8,-1273396.5,1.18
0.65,-1277724.03,1.18
0.8,-1279274.89,1.18
0.8,-1283036.79,1.18
0.81,-1283898.7,1.18
0.65,-1287800.41,1.18
0.81,-1287871.69,1.18
0.65,-1288472.29,1.18
0.65,-1290199.44,1.18
0.65,-1290563.42,1.18
0.65,-1292192.3,1.18
0.65,-1295136.27,1.18
0.65,-1296529.51,1.18
0.65,-1296873.12,1.18
0.81,-1296977.43,1.18
0.81,-1298281.49,1.18
0.65,-1298657.15,1.18
0.81,-1300569.58,1.18
0.81,-1302803.16,1.18
0.81,-1306605.32,1.18
0.81,-1307490.02,1.18
0.64,-1307752.02,1.18
0.64,-1309730.97,1.18
0.81,-1310811.2,1.18
0.81,-1311372.38,1.18
0.64,-1313077.04,1.18
0.64,-1314052.22,1.18
0.64,-1314870.31,1.18
0.81,-1315888.72,1.18
0.81,-1316482.72,1.18
0.64,-1319625.01,1.18
0.81,-1320301.12,1.18
0.64,-1325885.75,1.18
0.82,-1329496.97,1.18
0.82,-1335176.27,1.18
0.82,-1335962.47,1.18
0.82,-1337626.61,1.18
0.64,-1338402.18,1.18
0.63,-1350053.44,1.18
0.82,-1354372.41,1.18
0.63,-1356637.01,1.18
0.63,-1357184.75,1.18
0.82,-1357447.23,1.18
0.63,-1358333.73,1.18
0.82,-1360454.73,1.18
0.83,-1364136.44,1.18
0.63,-1366035.77,1.18
0.83,-1366906.69,1.18
0.63,-1367989.68,1.18
0.83,-1369099.68,1.18
0.63,-1375075.69,1.18
0.63,-1379197.47,1.18
0.83,-1381699.08,1.18
0.83,-1381730.85,1.18
0.63,-1382340.58,1.18
0.83,-1383030.43,1.18
0.83,-1386418.53,1.18
0.83,-1386542.67,1.18
0.83,-1390397.29,1.18
0.83,-1391237.44,1.18
0.62,-1405963.06,1.18
0.62,-1406065.93,1.18
0.83,-1406633.02,1.18
0.83,-1407023.83,1.18
0.62,-1408869.44,1.18
0.84,-1415694.16,1.18
0.84,-1415887.41,1.18
0.84,-1416586.28,1.18
0.84,-1416992.92,1.18
0.62,-1417321.24,1.18
0.84,-1418995.86,1.18
0.84,-1428530.71,1.18
0.62,-1430445.82,1.18
0.84,-1431351.38,1.18
0.84,-1433542.03,1.18
0.84,-1434642.27,1.18
0.84,-1437717.93,1.18
0.61,-1439973.28,1.18
0.84,-1444912.19,1.18
0.61,-1445488.2,1.18
0.84,-1448112.38,1.18
0.84,-1449632.71,1.18
0.84,-1454742.62,1.18
0.61,-1456676.96,1.18
0.84,-1457744.99,1.18
0.84,-1458569.53,1.18
0.85,-1463414.36,1.18
0.85,-1468180.12,1.18
0.85,-1472394.42,1.18
0.85,-1478252.59,1.18
0.85,-1481950.69,1.18
0.61,-1482537.25,1.18
0.61,-1483654.73,1.18
0.85,-1487994.73,1.18
0.85,-1489462.47,1.18
0.85,-1493433.98,1.18
0.85,-1493977.61,1.18
0.85,-1499321.52,1.18
0.85,-1500924.09,1.18
0.6,-1501485.28,1.18
0.85,-1501755.3,1.18
0.85,-1507158.46,1.18
0.85,-1514131.58,1.18
0.6,-1514874.7,1.18
0.6,-1515047.89,1.18
0.86,-1519716.2,1.18
0.86,-1519789.98,1.18
0.6,-1519919.25,1.18
0.86,-1522640.46,1.18
0.86,-1530889.11,1.18
0.86,-1531652.02,1.18
0.6,-1532855.98,1.18
0.6,-1534085.09,1.18
0.86,-1535719.89,1.18
0.86,-1536242.71,1.18
0.86,-1542060.87,1.18
0.86,-1548976.7,1.18
0.59,-1553274.75,1.18
0.86,-1555282.79,1.18
0.59,-1556130.11,1.18
0.59,-1560002.01,1.18
0.59,-1562950.5,1.18
0.86,-1564907.79,1.18
0.59,-1565090.86,1.18
0.59,-1571757.81,1.18
0.86,-1572846.78,1.18
0.59,-1572991.65,1.18
0.86,-1573126.34,1.18
0.86,-1574805.57,1.18
0.86,-1574919.6,1.18
0.87,-1579444.94,1.18
0.59,-1581786.53,1.18
0.87,-1584185.16,1.18
0.87,-1584697.8,1.18
0.59,-1589364.58,1.18
0.59,-1593732.06,1.18
0.59,-1598312.11,1.18
0.87,-1600656.54,1.18
0.59,-1601262.04,1.18
0.58,-1607232.18,1.18
0.58,-1608654.89,1.18
0.87,-1613522.21,1.18
0.58,-1618809.83,1.18
0.87,-1620182.27,1.18
0.87,-1625074.18,1.18
0.58,-1625174.89,1.18
0.58,-1626981.21,1.18
0.87,-1630748.2,1.18
0.58,-1634378.29,1.18
0.87,-1637993.4,1.18
0.58,-1643169.65,1.18
0.58,-1643585.34,1.18
0.88,-1646252.2,1.18
0.58,-1650181.31,1.18
0.58,-1663183.29,1.18
0.58,-1669703.14,1.18
0.58,-1670711.09,1.18
0.58,-1671312.79,1.18
0.57,-1673518.09,1.18
0.57,-1677268.37,1.18
0.88,-1683257.4,1.18
0.88,-1689397.21,1.18
0.88,-1694025.61,1.18
0.57,-1698059.48,1.18
0.57,-1708860.02,1.18
0.88,-1709773.95,1.18
0.89,-1714107.16,1.18
0.89,-1716516.25,1.18
0.89,-1717159.24,1.18
0.89,-1720887.39,1.18
0.89,-1722079.19,1.18
0.89,-1726359.38,1.18
0.89,-1736007.8,1.18
0.89,-1739658.13,1.18
0.89,-1741447.7,1.18
0.56,-1746590.77,1.18
0.89,-1755209.88,1.18
0.89,-1760711.1,1.18
0.56,-1763643.74,1.18
0.89,-1772349.98,1.18
0.56,-1775372.4,1.18
0.89,-1776477.14,1.18
0.56,-1777133.37,1.18
0.56,-1784013.48,1.18
0.9,-1787343.91,1.18
0.9,-1787454.45,1.18
0.56,-1787819.05,1.18
0.56,-1790449.95,1.18
0.56,-1790605.15,1.18
0.56,-1792772.72,1.18
0.56,-1793023.61,1.18
0.56,-1793198.09,1.18
0.56,-1793240.93,1.18
0.56,-1793712.04,1.18
0.9,-1796545.21,1.18
0.9,-1804274.26,1.18
0.9,-1804342.29,1.18
0.56,-1808404.26,1.18
0.9,-1809199.57,1.18
0.56,-1809379.11,1.18
0.9,-1814375.73,1.18
0.56,-1816478.8,1.18
0.9,-1820198.81,1.18
0.55,-1825509.28,1.18
0.9,-1831309.69,1.18
0.55,-1831726.39,1.18
0.55,-1836349.73,1.18
0.55,-1841163.82,1.18
0.9,-1849063.36,1.18
0.55,-1850487.72,1.18
0.9,-1856592.0,1.18
0.91,-1871395.51,1.18
0.55,-1882626.33,1.18
0.91,-1887992.44,1.18
0.91,-1890222.83,1.18
0.55,-1899454.52,1.18
0.91,-1900666.37,1.18
0.54,-1907824.12,1.18
0.54,-1915709.78,1.18
0.91,-1917364.92,1.18
0.91,-1921865.84,1.18
0.54,-1926048.54,1.18
0.54,-1931224.72,1.18
0.91,-1931960.47,1.18
0.91,-1942973.3,1.18
0.54,-1944968.86,1.18
0.92,-1948148.35,1.18
0.54,-1948671.57,1.18
0.54,-1955635.42,1.18
0.54,-1960119.19,1.18
0.54,-1966366.16,1.18
0.92,-1966969.02,1.18
0.92,-1967997.94,1.18
0.54,-1970179.68,1.18
0.54,-1970658.54,1.18
0.54,-1975433.75,1.18
0.92,-1980471.98,1.18
0.92,-1988110.24,1.18
0.92,-1988723.7,1.18
0.92,-1991930.23,1.18
0.92,-1993196.86,1.18
0.53,-1996955.42,1.18
0.53,-1997032.06,1.18
0.92,-2000254.77,1.18
0.92,-2011869.92,1.18
0.53,-2012627.74,1.18
0.92,-2014690.12,1.18
0.53,-2017949.87,1.18
0.53,-2019161.09,1.18
0.92,-2021755.65,1.18
0.92,-2027971.29,1.18
0.93,-2036099.88,1.18
0.53,-2037708.37,1.18
0.53,-2045997.14,1.18
0.93,-2046529.48,1.18
0.93,-2048401.2,1.18
0.53,-2050297.39,1.18
0.53,-2054612.81,1.18
0.53,-2061824.8,1.18
0.93,-2068856.25,1.18
0.53,-2071430.78,1.18
0.53,-2074527.28,1.18
0.93,-2085121.98,1.18
0.52,-2088672.71,1.18
0.52,-2095749.46,1.18
0.52,-2098220.3,1.18
0.52,-2098221.78,1.18
0.52,-2099422.32,1.18
0.93,-2099563.09,1.18
0.93,-2115530.1,1.18
0.52,-2118959.66,1.18
0.93,-2120213.9,1.18
0.52,-2122956.06,1.18
0.52,-2134616.08,1.18
0.94,-2142188.3,1.18
0.52,-2142755.46,1.18
0.52,-2147833.45,1.18
0.52,-2148205.88,1.18
0.94,-2156371.04,1.18
0.52,-2156742.55,1.18
0.94,-2162445.07,1.18
0.94,-2162772.45,1.18
0.94,-2164037.02,1.18
0.94,-2165959.86,1.18
0.51,-2172437.91,1.18
0.94,-2182610.81,1.18
0.94,-2183595.3,1.18
0.94,-2187370.06,1.18
0.51,-2191858.0,1.18
0.94,-2197205.81,1.18
0.51,-2199217.35,1.18
0.51,-2203844.46,1.18
0.95,-2221041.54,1.18
0.51,-2223885.41,1.18
0.51,-2224753.25,1.18
0.51,-2229286.03,1.18
0.95,-2230396.22,1.18
0.51,-2231341.38,1.18
0.51,-2232115.85,1.18
0.51,-2233277.96,1.18
0.51,-2233298.24,1.18
0.95,-2236057.02,1.18
0.51,-2241223.02,1.18
0.51,-2245015.98,1.18
0.95,-2254407.86,1.18
0.51,-2259906.82,1.18
0.95,-2267428.24,1.18
0.95,-2275085.8,1.18
0.95,-2282870.65,1.18
0.5,-2286751.21,1.18
0.5,-2292183.33,1.18
0.5,-2299366.12,1.18
0.5,-2307296.84,1.18
0.5,-2307597.03,1.18
0.95,-2314726.85,1.18
0.96,-2323877.72,1.18
0.96,-2338372.45,1.18
0.96,-2343471.83,1.18
0.96,-2344012.02,1.18
0.5,-2349038.25,1.18
0.5,-2362558.54,1.18
0.5,-2365079.39,1.18
0.49,-2373841.58,1.18
0.49,-2382604.1,1.18
0.96,-2388878.14,1.18
0.96,-2391541.21,1.18
0.49,-2392644.97,1.18
0.49,-2392704.77,1.18
0.49,-2396110.71,1.18
0.49,-2396143.45,1.18
0.96,-2398191.68,1.18
0.96,-2411181.23,1.18
0.96,-2412969.42,1.18
0.96,-2416341.43,1.18
0.96,-2421531.79,1.18
0.97,-2437583.44,1.18
0.97,-2438715.25,1.18
0.49,-2448720.94,1.18
0.97,-2452499.39,1.18
0.49,-2455601.25,1.18
0.49,-2457267.38,1.18
0.97,-2461255.76,1.18
0.49,-2462067.86,1.18
0.97,-2465768.68,1.18
0.49,-2478746.57,1.18
0.97,-2489991.72,1.18
0.48,-2490226.26,1.18
0.48,-2496063.38,1.18
0.48,-2499574.57,1.18
0.48,-2504530.32,1.18
0.48,-2506836.92,1.18
0.97,-2508628.6,1.18
0.48,-2510398.29,1.18
0.48,-2516038.14,1.18
0.48,-2521259.2,1.18
0.97,-2521694.04,1.18
0.97,-2534298.46,1.18
0.48,-2540220.29,1.18
0.98,-2545620.03,1.18
0.98,-2547505.07,1.18
0.98,-2548837.39,1.18
0.98,-2564164.02,1.18
0.48,-2573981.84,1.18
0.98,-2578125.69,1.18
0.47,-2597591.42,1.18
0.98,-2607064.85,1.18
0.98,-2617990.6,1.18
0.98,-2619261.92,1.18
0.98,-2619481.62,1.18
0.98,-2635465.25,1.18
0.47,-2636236.12,1.18
0.47,-2646702.35,1.18
0.47,-2647252.85,1.18
0.47,-2657775.87,1.18
0.47,-2663737.77,1.18
0.99,-2666872.99,1.18
0.99,-2669569.59,1.18
0.47,-2674938.69,1.18
0.47,-2680288.9,1.18
0.47,-2682846.64,1.18
0.99,-2684512.92,1.18
0.99,-2685770.46,1.18
0.47,-2685872.19,1.18
0.47,-2690345.72,1.18
0.99,-2696767.12,1.18
0.99,-2698689.26,1.18
0.99,-2699036.11,1.18
0.99,-2700504.56,1.18
0.99,-2700979.87,1.18
0.47,-2701065.22,1.18
0.99,-2707004.58,1.18
0.46,-2714923.64,1.18
0.46,-2722064.33,1.18
0.46,-2731018.82,1.18
0.99,-2733448.43,1.18
0.99,-2735377.61,1.18
0.99,-2737296.61,1.18
0.99,-2746571.05,1.18
0.46,-2751790.6,1.18
0.46,-2767765.67,1.18
0.46,-2770465.32,1.18
0.46,-2772844.62,1.18
0.46,-2774017.04,1.18
0.46,-2774715.79,1.18
0.46,-2777535.07,1.18
0.46,-2781640.65,1.18
1.0,-2782454.51,1.18
1.0,-2785325.8,1.18
1.0,-2793155.04,1.18
1.0,-2804332.46,1.18
1.0,-2814067.06,1.18
1.0,-2818118.53,1.18
0.45,-2867610.95,1.18
0.45,-2880903.92,1.18
0.45,-2919149.31,1.18
0.45,-2919461.29,1.18
0.45,-2922257.59,1.18
0.45,-2944779.33,1.18
0.45,-2952648.56,1.18
0.44,-2995704.22,1.18
0.44,-3002395.09,1.18
0.44,-3021930.81,1.18
0.44,-3034636.21,1.18
0.44,-3060499.84,1.18
0.44,-3064818.18,1.18
0.44,-3085283.1,1.18
0.43,-3099650.09,1.18
0.43,-3100696.24,1.18
0.43,-3102814.56,1.18
0.43,-3104664.66,1.18
0.43,-3118445.46,1.18
0.43,-3138190.69,1.18
0.43,-3168943.44,1.18
0.43,-3186507.59,1.18
0.43,-3186603.37,1.18
0.43,-3216597.53,1.18
0.42,-3222181.07,1.18
0.42,-3234145.03,1.18
0.42,-3248351.1,1.18
0.42,-3249619.47,1.18
0.42,-3250018.04,1.18
0.42,-3255799.53,1.18
0.42,-3272354.92,1.18
0.42,-3280511.05,1.18
0.42,-3295036.7,1.18
0.42,-3304249.3,1.18
0.42,-3310246.58,1.18
0.42,-3319065.21,1.18
0.42,-3323823.31,1.18
0.42,-3331538.79,1.18
0.42,-3333943.18,1.18
0.42,-3343253.56,1.18
0.42,-3346812.65,1.18
0.41,-3387396.81,1.18
0.41,-3403598.68,1.18
0.41,-3416816.46,1.18
0.41,-3458428.67,1.18
0.41,-3460709.55,1.18
0.41,-3464018.06,1.18
0.41,-3479580.29,1.18
0.41,-3482336.48,1.18
0.41,-3486313.38,1.18
0.41,-3487594.93,1.18
0.41,-3491056.84,1.18
0.41,-3497924.33,1.18
0.41,-3501150.92,1.18
0.4,-3523050.24,1.18
0.4,-3524388.75,1.18
0.4,-3529617.2,1.18
0.4,-3530233.63,1.18
0.4,-3564232.08,1.18
0.4,-3565742.3,1.18
0.4,-3574693.87,1.18
0.4,-3614956.93,1.18
0.39,-3659127.6,1.18
0.39,-3661143.41,1.18
0.39,-3685578.98,1.18
0.39,-3696767.06,1.18
0.39,-3701721.77,1.18
0.39,-3712862.86,1.18
0.39,-3713326.65,1.18
0.39,-3714798.33,1.18
0.39,-3726675.35,1.18
0.39,-3730082.67,1.18
0.39,-3767972.51,1.18
0.39,-3776454.08,1.18
0.39,-3783254.47,1.18
0.38,-3830507.62,1.18
0.38,-3834121.3,1.18
0.38,-3910501.49,1.18
0.38,-3926859.91,1.18
0.38,-3949018.46,1.18
0.37,-3975640.97,1.18
0.37,-4002826.27,1.18
0.37,-4003495.07,1.18
0.37,-4014118.52,1.18
0.37,-4027064.63,1.18
0.37,-4047596.31,1.18
0.37,-4057098.96,1.18
0.37,-4064345.08,1.18
0.37,-4071494.38,1.18
0.37,-4072120.51,1.18
0.37,-4089415.34,1.18
0.37,-4115103.89,1.18
0.36,-4135363.69,1.18
0.36,-4155135.72,1.18
0.36,-4212457.45,1.18
0.36,-4214516.51,1.18
0.36,-4236587.69,1.18
0.36,-4278844.72,1.18
0.36,-4287540.95,1.18
0.36,-4288140.04,1.18
0.36,-4289664.89,1.18
0.35,-4304127.16,1.18
0.35,-4324454.14,1.18
0.35,-4324940.87,1.18
0.35,-4337244.65,1.18
0.35,-4356179.09,1.18
0.35,-4365718.2,1.18
0.35,-4368105.43,1.18
0.35,-4370403.77,1.18
0.35,-4446635.63,1.18
0.34,-4486688.81,1.18
0.34,-4532310.06,1.18
0.34,-4535725.14,1.18
0.34,-4564580.41,1.18
0.34,-4576853.88,1.18
0.34,-4600846.26,1.18
0.34,-4606640.42,1.18
0.34,-4615062.37,1.18
0.34,-4616335.55,1.18
0.33,-4658434.11,1.18
0.33,-4757173.26,1.18
0.33,-4772134.62,1.18
0.33,-4779631.33,1.18
0.33,-4809663.88,1.18
0.33,-4814333.05,1.18
0.32,-4842242.56,1.18
0.32,-4842486.36,1.18
0.32,-4866020.74,1.18
0.32,-4880555.19,1.18
0.32,-4907495.7,1.18
0.32,-4918001.41,1.18
0.32,-4943309.56,1.18
0.32,-4943741.99,1.18
0.32,-4987024.78,1.18
0.31,-5006014.2,1.18
0.31,-5065622.19,1.18
0.31,-5127285.32,1.18
0.31,-5148270.03,1.18
0.3,-5196110.12,1.18
0.3,-5215221.79,1.18
0.3,-5219274.88,1.18
0.3,-5223737.08,1.18
0.3,-5243780.23,1.18
0.3,-5311723.69,1.18
0.3,-5313041.7,1.18
0.3,-5318779.23,1.18
0.3,-5338112.7,1.18
0.3,-5351124.92,1.18
0.3,-5364265.84,1.18
0.3,-5380095.34,1.18
0.29,-5388410.05,1.18
0.29,-5389206.05,1.18
0.29,-5410860.42,1.18
0.29,-5423779.93,1.18
0.29,-5425326.49,1.18
0.29,-5445841.1,1.18
0.29,-5464046.5,1.18
0.29,-5468866.18,1.18
0.29,-5533383.05,1.18
0.29,-5544875.11,1.18
0.29,-5546528.65,1.18
0.28,-5588561.29,1.18
0.28,-5595458.56,1.18
0.28,-5597759.25,1.18
0.28,-5621222.41,1.18
0.28,-5663847.23,1.18
0.28,-5664328.12,1.18
0.28,-5669155.71,1.18
0.28,-5683588.9,1.18
0.28,-5727381.43,1.18
0.28,-5735072.97,1.18
0.28,-5750135.34,1.18
0.27,-5795400.95,1.18
0.27,-5799174.09,1.18
0.27,-5840879.84,1.18
0.27,-5851087.7,1.18
0.27,-5878268.71,1.18
0.27,-5924055.79,1.18
0.27,-5926084.3,1.18
0.27,-5948599.67,1.18
0.27,-5989255.76,1.18
0.26,-6028916.62,1.18
0.26,-6078283.64,1.18
0.26,-6082935.18,1.18
0.26,-6083739.51,1.18
0.26,-6169427.22,1.18
0.26,-6183752.89,1.18
0.25,-6207860.83,1.18
0.25,-6225224.28,1.18
0.25,-6243860.12,1.18
0.25,-6249353.52,1.18
0.25,-6292119.73,1.18
0.25,-6354939.72,1.18
0.25,-6372766.98,1.18
0.25,-6410393.8,1.18
0.24,-6433559.37,1.18
0.24,-6456703.9,1.18
0.24,-6460986.99,1.18
0.24,-6472334.04,1.18
0.24,-6472722.18,1.18
0.24,-6475671.99,1.18
0.24,-6522522.2,1.18
0.24,-6544244.97,1.18
0.24,-6567309.66,1.18
0.24,-6584305.83,1.18
0.24,-6611539.73,1.18
0.24,-6613193.45,1.18
0.23,-6713184.04,1.18
0.23,-6717088.72,1.18
0.23,-6742296.36,1.18
0.23,-6744539.91,1.18
0.23,-6745400.68,1.18
0.23,-6748103.1,1.18
0.23,-6752099.58,1.18
0.23,-6765349.13,1.18
0.23,-6782694.74,1.18
0.23,-6785687.59,1.18
0.23,-6811752.47,1.18
0.23,-6854909.85,1.18
0.22,-6880365.79,1.18
0.22,-6943483.0,1.18
0.22,-6947257.68,1.18
0.22,-6969870.96,1.18
0.22,-6984358.44,1.18
0.22,-7029732.48,1.18
0.22,-7040075.76,1.18
0.22,-7076515.24,1.18
0.22,-7082094.37,1.18
0.22,-7084335.96,1.18
0.22,-7090022.85,1.18
0.21,-7155384.11,1.18
0.21,-7171122.48,1.18
0.21,-7185571.96,1.18
0.21,-7204410.79,1.18
0.21,-7244008.09,1.18
0.21,-7264178.22,1.18
0.21,-7279849.3,1.18
0.21,-7292441.54,1.18
0.21,-7300195.64,1.18
0.21,-7318734.48,1.18
0.2,-7360651.28,1.18
0.2,-7391298.81,1.18
0.2,-7408012.73,1.18
0.2,-7484624.74,1.18
0.2,-7509439.4,1.18
0.19,-7590983.33,1.18
0.19,-7595364.65,1.18
0.19,-7624541.31,1.18
0.19,-7630918.68,1.18
0.19,-7642315.39,1.18
0.19,-7754412.14,1.18
0.18,-7826232.97,1.18
0.18,-7826718.42,1.18
0.18,-7839788.5,1.18
0.18,-7875002.07,1.18
0.18,-7912486.63,1.18
0.18,-7947939.66,1.18
0.18,-7954554.09,1.18
0.18,-8027634.77,1.18
0.17,-8067234.08,1.18
0.17,-8070249.4,1.18
0.17,-8112047.29,1.18
0.17,-8127431.49,1.18
0.17,-8154944.58,1.18
0.17,-8161476.15,1.18
0.17,-8182384.16,1.18
0.17,-8206464.04,1.18
0.17,-8208402.27,1.18
0.17,-8224421.61,1.18
0.17,-8244127.33,1.18
0.17,-8262253.12,1.18
0.17,-8286546.08,1.18
0.16,-8333336.06,1.18
0.16,-8356170.52,1.18
0.16,-8411647.58,1.18
0.16,-8461632.03,1.18
0.16,-8491520.21,1.18
0.16,-8499937.81,1.18
0.16,-8501140.34,1.18
0.16,-8523300.56,1.18
0.16,-8556743.64,1.18
0.16,-8566501.75,1.18
0.15,-8605041.3,1.18
0.15,-8613544.33,1.18
0.15,-8658306.94,1.18
0.15,-8694293.94,1.18
0.15,-8706402.18,1.18
0.15,-8723973.56,1.18
0.15,-8754146.89,1.18
0.15,-8800461.46,1.18
0.15,-8819387.21,1.18
0.14,-8866213.44,1.18
0.14,-8974198.9,1.18
0.14,-8989612.39,1.18
0.14,-8991846.89,1.18
0.14,-9027837.23,1.18
0.14,-9034365.37,1.18
0.14,-9072821.46,1.18
0.14,-9095457.37,1.18
0.13,-9146355.38,1.18
0.13,-9169985.76,1.18
0.13,-9192039.3,1.18
0.13,-9195499.53,1.18
0.13,-9239842.74,1.18
0.13,-9273672.14,1.18
0.13,-9292703.12,1.18
0.13,-9308756.22,1.18
0.13,-9316310.8,1.18
0.13,-9321224.17,1.18
0.13,-9359958.8,1.18
0.13,-9365680.33,1.18
0.12,-9391652.42,1.18
0.12,-9440272.09,1.18
0.12,-9446509.13,1.18
0.12,-9466335.15,1.18
0.12,-9532201.85,1.18
0.12,-9582906.67,1.18
0.12,-9598832.08,1.18
0.12,-9629705.33,1.18
0.12,-9640544.19,1.18
0.11,-9686444.86,1.18
0.11,-9780481.7,1.18
0.11,-9810425.82,1.18
0.11,-9834768.62,1.18
0.11,-9917991.13,1.18
0.11,-9918406.71,1.18
0.11,-9925349.62,1.18
0.11,-9927374.42,1.18
0.1,-9943078.96,1.18
0.1,-9945589.25,1.18
0.1,-9995282.25,1.18
0.1,-10013419.89,1.18
0.1,-10013985.34,1.18
0.1,-10016584.77,1.18
0.1,-10074442.66,1.18
0.1,-10075896.6,1.18
0.1,-10086784.06,1.18
0.1,-10104249.88,1.18
0.1,-10122719.24,1.18
0.1,-10182523.24,1.18
0.09,-10231788.94,1.18
0.09,-10254917.24,1.18
0.09,-10301707.89,1.18
0.09,-10307777.08,1.18
0.09,-10313960.31,1.18
0.09,-10338132.13,1.18
0.09,-10343144.56,1.18
0.09,-10413654.77,1.18
0.09,-10414605.45,1.18
0.09,-10444514.06,1.18
0.08,-10507624.05,1.18
0.08,-10516744.7,1.18
0.08,-10537938.69,1.18
0.08,-10598248.16,1.18
0.08,-10626798.74,1.18
0.08,-10628111.85,1.18
0.08,-10668060.9,1.18
0.08,-10736570.39,1.18
0.08,-10739789.49,1.18
0.08,-10797176.48,1.18
0.07,-10818238.24,1.18
0.07,-10844279.01,1.18
0.07,-10887190.87,1.18
0.07,-10901109.0,1.18
0.07,-10915749.66,1.18
0.07,-10971814.11,1.18
0.07,-11005170.79,1.18
0.07,-11056875.86,1.18
0.07,-11058275.62,1.18
0.07,-11066701.29,1.18
0.07,-11092397.49,1.18
0.07,-11094429.93,1.18
0.06,-11114832.15,1.18
0.06,-11137471.65,1.18
0.06,-11194174.31,1.18
0.06,-11223310.63,1.18
0.06,-11267157.08,1.18
0.06,-11304727.0,1.18
0.06,-11308981.52,1.18
0.06,-11378299.62,1.18
0.05,-11413470.37,1.18
0.05,-11441008.45,1.18
0.05,-11444288.26,1.18
0.05,-11452104.37,1.18
0.05,-11510887.11,1.18
0.05,-11545374.85,1.18
0.05,-11627018.0,1.18
0.05,-11693244.22,1.18
0.04,-11710198.52,1.18
0.04,-11754304.51,1.18
0.04,-11765304.87,1.18
0.04,-11788120.91,1.18
0.04,-11832660.6,1.18
0.04,-11848443.8,1.18
0.04,-11848557.25,1.18
0.04,-11863301.74,1.18
0.04,-11911345.66,1.18
0.03,-12018734.91,1.18
0.03,-12070932.07,1.18
0.03,-12072072.9,1.18
0.03,-12124872.67,1.18
0.03,-12140299.09,1.18
0.03,-12161989.42,1.18
0.03,-12192522.13,1.18
0.03,-12217028.0,1.18
0.03,-12244599.15,1.18
0.03,-12255241.71,1.18
0.03,-12292446.66,1.18
0.03,-12295971.35,1.18
0.03,-12297052.35,1.18
0.03,-12303865.82,1.18
0.03,-12307078.68,1.18
0.03,-12321893.17,1.18
0.02,-12339628.09,1.18
0.02,-12370106.64,1.18
0.02,-12379411.42,1.18
0.02,-12413062.17,1.18
0.02,-12436454.59,1.18
0.02,-12440491.21,1.18
0.02,-12447465.15,1.18
0.02,-12493454.15,1.18
0.02,-12536983.62,1.18
0.02,-12553456.9,1.18
0.02,-12604272.93,1.18
0.02,-12607308.33,1.18
0.02,-12608995.9,1.18
0.02,-12636945.16,1.18
0.02,-12641186.31,1.18
0.02,-12654487.4,1.18
0.01,-12692498.36,1.18
0.01,-12698966.92,1.18
0.01,-12702515.05,1.18
0.01,-12721810.14,1.18
0.01,-12771386.72,1.18
0.01,-12828834.7,1.18
0.01,-12861220.84,1.18
0.01,-12908739.94,1.18
0.0,-12999836.19,1.18
0.0,-13005385.68,1.18
0.0,-13015111.62,1.18
0.0,-13046810.27,1.18
0.0,-13105329.93,1.18
