Lambda value,Log likelihood,Error std,Residual
0.2155,-117456834.5311,0.4528,6.9118
0.2386,-106135486.5243,0.4528,6.568
0.2616,-98845430.736,0.4528,6.3366
0.2739,-95046379.9709,0.4528,6.2126
0.2739,-95046379.9709,0.4528,6.3694
0.2894,-90376709.3515,0.4528,6.0568
0.2894,-90376709.3515,0.4528,6.1588
0.2894,-90376709.3515,0.4528,6.1913
0.2894,-90376709.3515,0.4528,6.1111
0.2894,-90376709.3515,0.4528,6.1178
0.2894,-90376709.3515,0.4528,6.2941
0.3085,-84815953.4551,0.4528,5.8657
0.3331,-77883612.483,0.4528,5.6184
0.3334,-77789635.4773,0.4528,5.615
0.3334,-77789635.4773,0.4528,5.7431
0.3454,-74522426.6644,0.4528,5.4945
0.351,-73024068.8702,0.4528,5.4383
0.3739,-67036315.282,0.4528,5.2078
0.3881,-63454915.5543,0.4528,5.0649
0.4079,-58638738.477,0.4528,4.8661
0.4079,-58638738.477,0.4528,5.1169
0.4255,-54522009.1546,0.4528,4.6894
0.4255,-54522009.1546,0.4528,4.8209
0.4476,-49548636.967,0.4528,4.4666
0.4667,-45455706.996,0.4528,4.2745
0.4798,-42760426.9029,0.4528,4.1431
0.5038,-38037672.7039,0.4528,3.9022
0.5079,-37263135.9741,0.4528,3.8612
0.5127,-36346484.4153,0.4528,3.8122
0.532,-32837784.8339,0.4528,3.6183
0.5552,-28874013.5853,0.4528,3.3858
0.5655,-27185012.6948,0.4528,3.2817
0.5655,-27185012.6948,0.4528,3.4548
0.5736,-25907092.1151,0.4528,3.2007
0.5834,-24386097.6359,0.4528,3.1014
0.5834,-24386097.6359,0.4528,3.1969
0.5834,-24386097.6359,0.4528,3.2627
0.5834,-24386097.6359,0.4528,3.1156
0.5834,-24386097.6359,0.4528,3.2291
0.5999,-21964063.663,0.4528,2.9365
0.5999,-21964063.663,0.4528,3.0499
0.5999,-21964063.663,0.4528,3.1651
0.5999,-21964063.663,0.4528,3.1181
0.6043,-21328295.6767,0.4528,2.8916
0.6087,-20721202.5134,0.4528,2.8481
0.6164,-19658551.8744,0.4528,2.7702
0.6164,-19658551.8744,0.4528,2.8115
0.6295,-17927707.5485,0.4528,2.6385
0.6295,-17927707.5485,0.4528,2.8895
0.6368,-17002737.441,0.4528,2.5653
0.6368,-17002737.441,0.4528,2.6085
0.639,-16731493.1924,0.4528,2.5434
0.639,-16731493.1924,0.4528,2.6491
0.639,-16731493.1924,0.4528,2.6586
0.6552,-14780607.0149,0.4528,2.3802
0.6552,-14780607.0149,0.4528,2.4059
0.6747,-12616390.2593,0.4528,2.1847
0.6765,-12425750.1007,0.4528,2.1666
0.6765,-12425750.1007,0.4528,2.2244
0.6984,-10232105.4534,0.4528,1.9464
0.6984,-10232105.4534,0.4528,1.9956
0.6984,-10232105.4534,0.4528,1.9822
0.7004,-10043285.7441,0.4528,1.9263
0.7204,-8263851.0286,0.4528,1.7248
0.7204,-8263851.0286,0.4528,1.9587
0.7258,-7821386.3925,0.4528,1.6708
0.7258,-7821386.3925,0.4528,1.7521
0.731,-7404368.3798,0.4528,1.6183
0.731,-7404368.3798,0.4528,1.6375
0.731,-7404368.3798,0.4528,1.6634
0.731,-7404368.3798,0.4528,1.8267
0.731,-7404368.3798,0.4528,1.7412
0.731,-7404368.3798,0.4528,1.6216
0.731,-7404368.3798,0.4528,1.6805
0.7381,-6855314.8553,0.4528,1.5464
0.7381,-6855314.8553,0.4528,1.7759
0.7498,-6012427.4144,0.4528,1.429
0.754,-5731085.2599,0.4528,1.3875
0.777,-4313744.3151,0.4528,1.1557
0.7778,-4269524.4926,0.4528,1.1477
0.783,-3989602.0964,0.4528,1.0957
0.7901,-3626360.9977,0.4528,1.0241
0.8052,-2940796.3245,0.4528,0.8728
0.8205,-2358100.5426,0.4528,0.7187
0.8315,-2012323.5911,0.4528,0.6084
0.8473,-1618357.3376,0.4528,0.4491
0.8498,-1566921.0565,0.4528,0.4236
0.8546,-1478484.789,0.4528,0.3756
0.8546,-1478484.789,0.4528,0.6038
0.8546,-1478484.789,0.4528,0.4726
0.8647,-1329435.7693,0.4528,0.2745
0.8647,-1329435.7693,0.4528,0.3346
0.8705,-1266336.0174,0.4528,0.2163
0.8933,-1179377.7233,0.4528,-0.0128
0.8933,-1179377.7233,0.4528,-0.2179
0.8933,-1179377.7233,0.4528,0.0806
0.8933,-1179377.7233,0.4528,-0.2472
0.8933,-1179377.7233,0.4528,-0.1451
0.8933,-1179377.7233,0.4528,-0.0934
0.8933,-1179377.7233,0.4528,-0.0183
0.8933,-1179377.7233,0.4528,-0.1149
0.8933,-1179377.7233,0.4528,-0.2543
0.8933,-1179377.7233,0.4528,-0.0433
0.8933,-1179377.7233,0.4528,0.1188
0.8933,-1179377.7233,0.4528,0.107
0.8895,-1176010.4209,0.4528,0.0246
0.8895,-1176010.4209,0.4528,-0.0446
0.8895,-1176010.4209,0.4528,-0.1184
0.8895,-1176010.4209,0.4528,-0.0263
0.8895,-1176010.4209,0.4528,0.1893
0.8895,-1176010.4209,0.4528,-0.1132
0.8895,-1176010.4209,0.4528,-0.0539
0.8895,-1176010.4209,0.4528,-0.0957
0.8895,-1176010.4209,0.4528,-0.1592
0.8895,-1176010.4209,0.4528,0.2398
0.8895,-1176010.4209,0.4528,-0.1084
0.8895,-1176010.4209,0.4528,0.21
0.8895,-1176010.4209,0.4528,-0.1109
0.8895,-1176010.4209,0.4528,-0.2113
0.8895,-1176010.4209,0.4528,-0.0763
0.8895,-1176010.4209,0.4528,0.1751
0.8895,-1176010.4209,0.4528,-0.0404
0.8895,-1176010.4209,0.4528,0.0974
0.8895,-1176010.4209,0.4528,-0.2118
0.8895,-1176010.4209,0.4528,0.1715
0.8895,-1176010.4209,0.4528,0.1887
0.8895,-1176010.4209,0.4528,0.0423
0.8895,-1176010.4209,0.4528,-0.0204
0.8895,-1176010.4209,0.4528,0.1492
0.8895,-1176010.4209,0.4528,0.0936
0.8895,-1176010.4209,0.4528,-0.1821
0.8895,-1176010.4209,0.4528,0.2453
0.8895,-1176010.4209,0.4528,-0.071
0.8895,-1176010.4209,0.4528,0.1961
0.8895,-1176010.4209,0.4528,-0.1373
0.8895,-1176010.4209,0.4528,0.0362
0.8895,-1176010.4209,0.4528,0.0626
0.8895,-1176010.4209,0.4528,-0.1843
0.8895,-1176010.4209,0.4528,0.1244
0.8895,-1176010.4209,0.4528,-0.1494
0.8895,-1176010.4209,0.4528,-0.2236
0.8895,-1176010.4209,0.4528,-0.1267
0.8895,-1176010.4209,0.4528,0.0014
0.8895,-1176010.4209,0.4528,0.1523
0.8895,-1176010.4209,0.4528,0.2639
0.8895,-1176010.4209,0.4528,0.1791
0.8895,-1176010.4209,0.4528,0.2093
0.8895,-1176010.4209,0.4528,0.1151
0.8895,-1176010.4209,0.4528,-0.1084
0.8895,-1176010.4209,0.4528,0.0587
0.8895,-1176010.4209,0.4528,-0.0202
0.8895,-1176010.4209,0.4528,-0.0399
0.8895,-1176010.4209,0.4528,-0.2182
0.8895,-1176010.4209,0.4528,0.0254
0.8895,-1176010.4209,0.4528,-0.0206
0.8895,-1176010.4209,0.4528,0.1537
0.8895,-1176010.4209,0.4528,-0.2146
0.8895,-1176010.4209,0.4528,-0.1581
0.8895,-1176010.4209,0.4528,0.1833
0.8895,-1176010.4209,0.4528,0.1553
0.8895,-1176010.4209,0.4528,-0.0406
0.8895,-1176010.4209,0.4528,-0.1874
0.8895,-1176010.4209,0.4528,-0.2029
0.8895,-1176010.4209,0.4528,0.0059
0.8895,-1176010.4209,0.4528,0.2259
0.8895,-1176010.4209,0.4528,0.2707
0.8895,-1176010.4209,0.4528,0.1868
0.8895,-1176010.4209,0.4528,-0.1986
0.8895,-1176010.4209,0.4528,0.1765
0.8895,-1176010.4209,0.4528,0.1988
0.8895,-1176010.4209,0.4528,-0.1313
0.8895,-1176010.4209,0.4528,-0.058
0.8895,-1176010.4209,0.4528,-0.2125
0.8895,-1176010.4209,0.4528,-0.0071
0.8895,-1176010.4209,0.4528,0.2182
0.8895,-1176010.4209,0.4528,0.0321
0.8895,-1176010.4209,0.4528,0.1181
0.8895,-1176010.4209,0.4528,0.2295
0.8895,-1176010.4209,0.4528,0.0942
0.8895,-1176010.4209,0.4528,-0.1391
0.8895,-1176010.4209,0.4528,-0.1501
0.8895,-1176010.4209,0.4528,-0.205
0.8895,-1176010.4209,0.4528,-0.0465
0.8895,-1176010.4209,0.4528,0.1932
0.8895,-1176010.4209,0.4528,0.0268
0.8895,-1176010.4209,0.4528,-0.0602
0.8895,-1176010.4209,0.4528,0.1211
0.8895,-1176010.4209,0.4528,0.1465
0.8895,-1176010.4209,0.4528,0.1992
0.8895,-1176010.4209,0.4528,0.25
0.8895,-1176010.4209,0.4528,0.0521
0.8895,-1176010.4209,0.4528,0.0252
0.8895,-1176010.4209,0.4528,-0.1737
0.8895,-1176010.4209,0.4528,-0.0713
0.8895,-1176010.4209,0.4528,-0.0988
0.8895,-1176010.4209,0.4528,0.1603
0.8895,-1176010.4209,0.4528,-0.087
0.8895,-1176010.4209,0.4528,0.0606
0.8895,-1176010.4209,0.4528,-0.0431
0.8895,-1176010.4209,0.4528,0.1605
0.8895,-1176010.4209,0.4528,-0.0521
0.8895,-1176010.4209,0.4528,0.0471
0.8895,-1176010.4209,0.4528,-0.1589
0.8895,-1176010.4209,0.4528,-0.0534
0.8895,-1176010.4209,0.4528,0.2025
0.8895,-1176010.4209,0.4528,0.1454
0.8895,-1176010.4209,0.4528,-0.2042
0.8895,-1176010.4209,0.4528,0.2392
0.8895,-1176010.4209,0.4528,-0.217
0.8895,-1176010.4209,0.4528,0.0181
0.8895,-1176010.4209,0.4528,0.0603
0.8895,-1176010.4209,0.4528,0.0818
0.8895,-1176010.4209,0.4528,0.1617
0.8895,-1176010.4209,0.4528,0.2437
0.8895,-1176010.4209,0.4528,0.2101
0.8895,-1176010.4209,0.4528,0.1348
0.8895,-1176010.4209,0.4528,0.0482
0.8895,-1176010.4209,0.4528,0.0217
0.8895,-1176010.4209,0.4528,-0.1331
0.8895,-1176010.4209,0.4528,0.2142
0.8895,-1176010.4209,0.4528,-0.0509
0.8895,-1176010.4209,0.4528,0.1965
0.8895,-1176010.4209,0.4528,-0.1663
0.8895,-1176010.4209,0.4528,0.2393
0.8895,-1176010.4209,0.4528,0.1545
0.8895,-1176010.4209,0.4528,-0.1082
0.8895,-1176010.4209,0.4528,0.2094
0.8895,-1176010.4209,0.4528,0.1949
0.8895,-1176010.4209,0.4528,0.1835
0.8895,-1176010.4209,0.4528,-0.2063
0.8895,-1176010.4209,0.4528,-0.1107
0.8895,-1176010.4209,0.4528,-0.1038
0.8895,-1176010.4209,0.4528,0.2571
0.8895,-1176010.4209,0.4528,-0.1133
0.8895,-1176010.4209,0.4528,0.1535
0.8895,-1176010.4209,0.4528,0.1181
0.8895,-1176010.4209,0.4528,-0.2058
0.8895,-1176010.4209,0.4528,0.1935
0.8895,-1176010.4209,0.4528,0.2144
0.8895,-1176010.4209,0.4528,0.1968
0.8895,-1176010.4209,0.4528,-0.211
0.8895,-1176010.4209,0.4528,-0.1826
0.8895,-1176010.4209,0.4528,0.1815
0.8895,-1176010.4209,0.4528,-0.1569
0.8895,-1176010.4209,0.4528,0.1945
0.8895,-1176010.4209,0.4528,0.1098
0.8895,-1176010.4209,0.4528,-0.015
0.8895,-1176010.4209,0.4528,0.1708
0.8895,-1176010.4209,0.4528,-0.1935
0.8895,-1176010.4209,0.4528,-0.2198
0.8895,-1176010.4209,0.4528,-0.0163
0.8895,-1176010.4209,0.4528,-0.2044
0.8895,-1176010.4209,0.4528,-0.0845
0.8895,-1176010.4209,0.4528,0.2561
0.8895,-1176010.4209,0.4528,-0.0681
0.8895,-1176010.4209,0.4528,-0.1603
0.8895,-1176010.4209,0.4528,0.2201
0.8895,-1176010.4209,0.4528,-0.0112
0.8895,-1176010.4209,0.4528,0.0058
0.8895,-1176010.4209,0.4528,0.0877
0.8895,-1176010.4209,0.4528,-0.1018
0.8895,-1176010.4209,0.4528,0.2491
0.8895,-1176010.4209,0.4528,-0.0495
0.8895,-1176010.4209,0.4528,0.0573
0.8895,-1176010.4209,0.4528,-0.0359
0.8895,-1176010.4209,0.4528,0.2421
0.8895,-1176010.4209,0.4528,0.1975
0.8895,-1176010.4209,0.4528,0.2754
0.8895,-1176010.4209,0.4528,0.0156
0.8895,-1176010.4209,0.4528,-0.0755
0.8895,-1176010.4209,0.4528,-0.1319
0.8895,-1176010.4209,0.4528,-0.1752
0.8895,-1176010.4209,0.4528,-0.2166
0.8895,-1176010.4209,0.4528,0.2515
0.8895,-1176010.4209,0.4528,-0.1716
0.8895,-1176010.4209,0.4528,-0.1844
0.8895,-1176010.4209,0.4528,0.1534
0.8895,-1176010.4209,0.4528,-0.1775
0.8895,-1176010.4209,0.4528,0.1572
0.8895,-1176010.4209,0.4528,-0.1928
0.8895,-1176010.4209,0.4528,-0.1463
0.8895,-1176010.4209,0.4528,0.2359
0.8895,-1176010.4209,0.4528,-0.0061
0.8895,-1176010.4209,0.4528,-0.0499
0.8895,-1176010.4209,0.4528,0.0986
0.8895,-1176010.4209,0.4528,0.2217
0.8895,-1176010.4209,0.4528,-0.1072
0.8895,-1176010.4209,0.4528,0.0764
0.8895,-1176010.4209,0.4528,0.1396
0.8895,-1176010.4209,0.4528,0.2626
0.8895,-1176010.4209,0.4528,-0.1495
0.8895,-1176010.4209,0.4528,0.1714
0.8895,-1176010.4209,0.4528,0.1627
0.8895,-1176010.4209,0.4528,0.0926
0.8895,-1176010.4209,0.4528,0.0316
0.8895,-1176010.4209,0.4528,-0.0732
0.8895,-1176010.4209,0.4528,-0.2248
0.8895,-1176010.4209,0.4528,0.2253
0.8895,-1176010.4209,0.4528,0.0921
0.8895,-1176010.4209,0.4528,0.2129
0.8895,-1176010.4209,0.4528,0.0541
0.8895,-1176010.4209,0.4528,0.0686
0.8895,-1176010.4209,0.4528,0.2473
0.8895,-1176010.4209,0.4528,-0.071
0.8895,-1176010.4209,0.4528,0.2698
0.8895,-1176010.4209,0.4528,0.2699
0.8895,-1176010.4209,0.4528,0.2311
0.8895,-1176010.4209,0.4528,-0.0079
0.8895,-1176010.4209,0.4528,0.1885
0.8895,-1176010.4209,0.4528,0.1425
0.8895,-1176010.4209,0.4528,0.1536
0.8895,-1176010.4209,0.4528,0.2455
0.8895,-1176010.4209,0.4528,0.155
0.8895,-1176010.4209,0.4528,0.0627
0.8895,-1176010.4209,0.4528,-0.0022
0.8895,-1176010.4209,0.4528,-0.1969
0.8895,-1176010.4209,0.4528,0.2547
0.8895,-1176010.4209,0.4528,-0.219
0.8895,-1176010.4209,0.4528,-0.0639
0.8895,-1176010.4209,0.4528,0.2154
0.8895,-1176010.4209,0.4528,-0.0365
0.8895,-1176010.4209,0.4528,0.2356
0.8895,-1176010.4209,0.4528,0.0392
0.8895,-1176010.4209,0.4528,0.2668
0.8895,-1176010.4209,0.4528,-0.197
0.8895,-1176010.4209,0.4528,0.2307
0.8895,-1176010.4209,0.4528,-0.0001
0.8895,-1176010.4209,0.4528,0.0289
0.8895,-1176010.4209,0.4528,0.1653
0.8895,-1176010.4209,0.4528,-0.0149
0.8895,-1176010.4209,0.4528,-0.0879
0.8895,-1176010.4209,0.4528,-0.1773
0.8895,-1176010.4209,0.4528,-0.1748
0.8895,-1176010.4209,0.4528,0.1922
0.8895,-1176010.4209,0.4528,0.2251
0.8895,-1176010.4209,0.4528,0.019
0.8895,-1176010.4209,0.4528,-0.201
0.8895,-1176010.4209,0.4528,-0.0385
0.8895,-1176010.4209,0.4528,-0.1046
0.8895,-1176010.4209,0.4528,0.0371
0.8895,-1176010.4209,0.4528,-0.099
0.8895,-1176010.4209,0.4528,-0.0539
0.8895,-1176010.4209,0.4528,-0.0329
0.8895,-1176010.4209,0.4528,-0.1885
0.8895,-1176010.4209,0.4528,0.1193
0.8895,-1176010.4209,0.4528,0.2579
0.8895,-1176010.4209,0.4528,-0.1582
0.8895,-1176010.4209,0.4528,0.256
0.8895,-1176010.4209,0.4528,0.272
0.8895,-1176010.4209,0.4528,0.0328
0.8895,-1176010.4209,0.4528,-0.1441
0.8895,-1176010.4209,0.4528,-0.0838
0.8895,-1176010.4209,0.4528,0.0979
0.8895,-1176010.4209,0.4528,0.2128
0.8895,-1176010.4209,0.4528,0.0846
0.8895,-1176010.4209,0.4528,-0.1985
0.8895,-1176010.4209,0.4528,0.0438
0.8895,-1176010.4209,0.4528,-0.2069
0.8895,-1176010.4209,0.4528,0.1868
0.8895,-1176010.4209,0.4528,-0.0105
0.8895,-1176010.4209,0.4528,0.0495
0.8895,-1176010.4209,0.4528,-0.0162
0.8895,-1176010.4209,0.4528,0.2399
0.8895,-1176010.4209,0.4528,-0.1589
0.8895,-1176010.4209,0.4528,-0.1951
0.8895,-1176010.4209,0.4528,0.1594
0.8895,-1176010.4209,0.4528,0.2341
0.8895,-1176010.4209,0.4528,-0.1531
0.8895,-1176010.4209,0.4528,-0.1748
0.8895,-1176010.4209,0.4528,0.258
0.8895,-1176010.4209,0.4528,-0.1066
0.8895,-1176010.4209,0.4528,-0.1577
0.8895,-1176010.4209,0.4528,0.0699
0.8895,-1176010.4209,0.4528,-0.0365
0.8895,-1176010.4209,0.4528,-0.1211
0.8895,-1176010.4209,0.4528,0.1485
0.8895,-1176010.4209,0.4528,0.0348
0.8895,-1176010.4209,0.4528,0.2101
0.8895,-1176010.4209,0.4528,0.2039
0.8895,-1176010.4209,0.4528,-0.1196
0.8895,-1176010.4209,0.4528,-0.0213
0.8895,-1176010.4209,0.4528,0.2135
0.8895,-1176010.4209,0.4528,-0.1271
0.8895,-1176010.4209,0.4528,0.2112
0.8895,-1176010.4209,0.4528,-0.1968
0.8895,-1176010.4209,0.4528,-0.1617
0.8895,-1176010.4209,0.4528,0.2331
0.8895,-1176010.4209,0.4528,-0.0469
0.8895,-1176010.4209,0.4528,-0.0235
0.8895,-1176010.4209,0.4528,-0.159
0.8895,-1176010.4209,0.4528,-0.1336
0.8895,-1176010.4209,0.4528,-0.0088
0.8895,-1176010.4209,0.4528,0.1307
0.8895,-1176010.4209,0.4528,-0.2053
0.8895,-1176010.4209,0.4528,0.1992
0.8895,-1176010.4209,0.4528,0.0558
0.8895,-1176010.4209,0.4528,0.0869
0.8895,-1176010.4209,0.4528,-0.1972
0.8895,-1176010.4209,0.4528,0.0085
0.8895,-1176010.4209,0.4528,0.0029
0.8895,-1176010.4209,0.4528,0.0687
0.8895,-1176010.4209,0.4528,0.2133
0.8895,-1176010.4209,0.4528,-0.1308
0.8895,-1176010.4209,0.4528,0.1794
0.8895,-1176010.4209,0.4528,0.1223
0.8895,-1176010.4209,0.4528,0.0775
0.8895,-1176010.4209,0.4528,-0.1896
0.8895,-1176010.4209,0.4528,-0.1491
0.8895,-1176010.4209,0.4528,0.0775
0.8895,-1176010.4209,0.4528,0.1257
0.8895,-1176010.4209,0.4528,0.0996
0.8895,-1176010.4209,0.4528,-0.1565
0.8895,-1176010.4209,0.4528,0.1354
0.8895,-1176010.4209,0.4528,0.1611
0.8895,-1176010.4209,0.4528,-0.0972
0.8895,-1176010.4209,0.4528,0.1486
0.8895,-1176010.4209,0.4528,-0.0648
0.8895,-1176010.4209,0.4528,0.1587
0.8895,-1176010.4209,0.4528,0.0008
0.8895,-1176010.4209,0.4528,0.2175
0.8895,-1176010.4209,0.4528,0.0721
0.8895,-1176010.4209,0.4528,0.2456
0.8895,-1176010.4209,0.4528,0.1574
0.8895,-1176010.4209,0.4528,0.2617
0.8895,-1176010.4209,0.4528,0.1722
0.8895,-1176010.4209,0.4528,0.0907
0.8895,-1176010.4209,0.4528,0.2639
0.8895,-1176010.4209,0.4528,-0.1777
0.8895,-1176010.4209,0.4528,0.1606
0.8895,-1176010.4209,0.4528,0.0308
0.8895,-1176010.4209,0.4528,-0.0167
0.8895,-1176010.4209,0.4528,-0.0017
0.8895,-1176010.4209,0.4528,0.0365
0.8895,-1176010.4209,0.4528,-0.0884
0.8895,-1176010.4209,0.4528,0.0491
0.8895,-1176010.4209,0.4528,0.0193
0.8895,-1176010.4209,0.4528,-0.0548
0.8895,-1176010.4209,0.4528,0.2368
0.8895,-1176010.4209,0.4528,0.2706
0.8895,-1176010.4209,0.4528,0.178
0.8895,-1176010.4209,0.4528,-0.1414
0.8895,-1176010.4209,0.4528,0.2043
0.8895,-1176010.4209,0.4528,0.0176
0.8895,-1176010.4209,0.4528,0.1606
0.8895,-1176010.4209,0.4528,-0.2148
0.8895,-1176010.4209,0.4528,0.1021
0.8895,-1176010.4209,0.4528,0.0068
0.8895,-1176010.4209,0.4528,-0.1742
0.8895,-1176010.4209,0.4528,-0.2221
0.8895,-1176010.4209,0.4528,0.0592
0.8895,-1176010.4209,0.4528,0.0161
0.8895,-1176010.4209,0.4528,-0.1219
0.8895,-1176010.4209,0.4528,0.1658
0.8895,-1176010.4209,0.4528,0.1747
0.8895,-1176010.4209,0.4528,0.0552
0.8895,-1176010.4209,0.4528,0.2318
0.8895,-1176010.4209,0.4528,-0.2193
0.8895,-1176010.4209,0.4528,0.167
0.8895,-1176010.4209,0.4528,0.2733
0.8895,-1176010.4209,0.4528,0.2127
0.8895,-1176010.4209,0.4528,0.2683
0.8895,-1176010.4209,0.4528,-0.0237
0.8895,-1176010.4209,0.4528,-0.0248
0.8895,-1176010.4209,0.4528,-0.1936
0.8895,-1176010.4209,0.4528,-0.0984
0.8895,-1176010.4209,0.4528,0.0486
0.8895,-1176010.4209,0.4528,0.1756
0.8895,-1176010.4209,0.4528,-0.034
0.8895,-1176010.4209,0.4528,0.0125
0.8895,-1176010.4209,0.4528,0.0737
0.8895,-1176010.4209,0.4528,0.1326
0.8895,-1176010.4209,0.4528,-0.102
0.8895,-1176010.4209,0.4528,-0.0696
0.8895,-1176010.4209,0.4528,-0.1822
0.8895,-1176010.4209,0.4528,0.1673
0.8895,-1176010.4209,0.4528,0.2754
0.8895,-1176010.4209,0.4528,-0.012
0.8895,-1176010.4209,0.4528,0.2079
0.8895,-1176010.4209,0.4528,-0.1074
0.8895,-1176010.4209,0.4528,-0.1085
0.8895,-1176010.4209,0.4528,0.1457
0.8895,-1176010.4209,0.4528,-0.0212
0.8895,-1176010.4209,0.4528,0.0502
0.8895,-1176010.4209,0.4528,-0.0177
0.8895,-1176010.4209,0.4528,0.0364
0.8895,-1176010.4209,0.4528,-0.2144
0.8895,-1176010.4209,0.4528,0.2179
0.8895,-1176010.4209,0.4528,0.1139
0.8895,-1176010.4209,0.4528,0.0359
0.8895,-1176010.4209,0.4528,-0.0337
0.8895,-1176010.4209,0.4528,-0.1472
0.8895,-1176010.4209,0.4528,-0.0482
0.8895,-1176010.4209,0.4528,0.1283
0.8895,-1176010.4209,0.4528,0.0816
0.8895,-1176010.4209,0.4528,-0.0685
0.8895,-1176010.4209,0.4528,-0.0142
0.8895,-1176010.4209,0.4528,-0.0578
0.8895,-1176010.4209,0.4528,-0.0831
0.8895,-1176010.4209,0.4528,-0.0227
0.8895,-1176010.4209,0.4528,0.1672
0.8895,-1176010.4209,0.4528,0.0132
0.8895,-1176010.4209,0.4528,-0.1784
0.8895,-1176010.4209,0.4528,0.1235
0.8895,-1176010.4209,0.4528,0.0721
0.8895,-1176010.4209,0.4528,-0.0779
0.8895,-1176010.4209,0.4528,-0.1436
0.8895,-1176010.4209,0.4528,0.2412
0.8895,-1176010.4209,0.4528,-0.1189
0.8895,-1176010.4209,0.4528,0.1291
0.8895,-1176010.4209,0.4528,0.1183
0.8895,-1176010.4209,0.4528,-0.0135
0.8895,-1176010.4209,0.4528,0.1864
0.8895,-1176010.4209,0.4528,0.0213
0.8895,-1176010.4209,0.4528,0.0151
0.8895,-1176010.4209,0.4528,0.1651
0.8895,-1176010.4209,0.4528,0.0588
0.8895,-1176010.4209,0.4528,-0.0468
0.8895,-1176010.4209,0.4528,0.204
0.8895,-1176010.4209,0.4528,0.0891
0.8895,-1176010.4209,0.4528,-0.0323
0.8895,-1176010.4209,0.4528,-0.1903
0.8895,-1176010.4209,0.4528,0.1206
0.8895,-1176010.4209,0.4528,0.1676
0.8895,-1176010.4209,0.4528,-0.217
0.8895,-1176010.4209,0.4528,-0.1253
0.8895,-1176010.4209,0.4528,0.2729
0.8895,-1176010.4209,0.4528,0.0318
0.8895,-1176010.4209,0.4528,-0.1079
0.8895,-1176010.4209,0.4528,0.2373
0.8895,-1176010.4209,0.4528,0.0957
0.8895,-1176010.4209,0.4528,0.2011
0.8895,-1176010.4209,0.4528,-0.1666
0.8895,-1176010.4209,0.4528,0.0791
0.8895,-1176010.4209,0.4528,0.2072
0.8895,-1176010.4209,0.4528,-0.2046
0.8895,-1176010.4209,0.4528,0.2462
0.8895,-1176010.4209,0.4528,0.1068
0.8895,-1176010.4209,0.4528,-0.0195
0.8895,-1176010.4209,0.4528,0.0835
0.8895,-1176010.4209,0.4528,0.0212
0.8895,-1176010.4209,0.4528,-0.1245
0.8895,-1176010.4209,0.4528,0.0628
0.8895,-1176010.4209,0.4528,0.0131
0.8895,-1176010.4209,0.4528,-0.0675
0.8895,-1176010.4209,0.4528,-0.1038
0.8895,-1176010.4209,0.4528,0.2227
0.8895,-1176010.4209,0.4528,0.2445
0.8895,-1176010.4209,0.4528,-0.0133
0.8895,-1176010.4209,0.4528,-0.1034
0.8895,-1176010.4209,0.4528,-0.1897
0.8895,-1176010.4209,0.4528,0.1262
0.8895,-1176010.4209,0.4528,0.2054
0.8895,-1176010.4209,0.4528,0.0837
0.8895,-1176010.4209,0.4528,0.1258
0.8895,-1176010.4209,0.4528,0.2343
0.8895,-1176010.4209,0.4528,-0.0547
0.8895,-1176010.4209,0.4528,-0.2075
0.8895,-1176010.4209,0.4528,0.2601
0.8895,-1176010.4209,0.4528,-0.0892
0.8895,-1176010.4209,0.4528,0.0862
0.8895,-1176010.4209,0.4528,-0.1296
0.8895,-1176010.4209,0.4528,-0.223
0.8895,-1176010.4209,0.4528,0.2319
0.8895,-1176010.4209,0.4528,-0.1152
0.8895,-1176010.4209,0.4528,0.1508
0.8895,-1176010.4209,0.4528,0.0096
0.8895,-1176010.4209,0.4528,-0.0759
0.8895,-1176010.4209,0.4528,0.1641
0.8895,-1176010.4209,0.4528,-0.0853
0.8895,-1176010.4209,0.4528,0.1082
0.8895,-1176010.4209,0.4528,0.0674
0.8895,-1176010.4209,0.4528,0.0705
0.8895,-1176010.4209,0.4528,-0.0112
0.8895,-1176010.4209,0.4528,0.2226
0.8895,-1176010.4209,0.4528,-0.0484
0.8895,-1176010.4209,0.4528,-0.2142
0.8895,-1176010.4209,0.4528,-0.1658
0.8895,-1176010.4209,0.4528,-0.0297
0.8895,-1176010.4209,0.4528,-0.2112
0.8895,-1176010.4209,0.4528,-0.0484
0.8895,-1176010.4209,0.4528,-0.1402
0.8895,-1176010.4209,0.4528,0.1205
0.8895,-1176010.4209,0.4528,0.1842
0.8895,-1176010.4209,0.4528,-0.1013
0.8895,-1176010.4209,0.4528,0.079
0.8895,-1176010.4209,0.4528,-0.2168
0.8895,-1176010.4209,0.4528,0.0232
0.8895,-1176010.4209,0.4528,-0.0924
0.8895,-1176010.4209,0.4528,0.1948
0.8895,-1176010.4209,0.4528,0.0298
0.8895,-1176010.4209,0.4528,0.1367
0.8895,-1176010.4209,0.4528,0.1088
0.8895,-1176010.4209,0.4528,0.0338
0.8895,-1176010.4209,0.4528,-0.0654
0.8895,-1176010.4209,0.4528,-0.0217
0.8895,-1176010.4209,0.4528,-0.1654
0.8895,-1176010.4209,0.4528,0.0253
0.8895,-1176010.4209,0.4528,-0.2217
0.8895,-1176010.4209,0.4528,-0.0919
0.8895,-1176010.4209,0.4528,0.1439
0.8895,-1176010.4209,0.4528,-0.0333
0.8895,-1176010.4209,0.4528,-0.1286
0.8895,-1176010.4209,0.4528,-0.0045
0.8895,-1176010.4209,0.4528,-0.2253
0.8895,-1176010.4209,0.4528,0.1449
0.8895,-1176010.4209,0.4528,0.0166
0.8895,-1176010.4209,0.4528,-0.0053
0.8895,-1176010.4209,0.4528,0.1556
0.8895,-1176010.4209,0.4528,0.2397
0.8895,-1176010.4209,0.4528,0.2269
0.8895,-1176010.4209,0.4528,-0.0087
0.8895,-1176010.4209,0.4528,0.208
0.8895,-1176010.4209,0.4528,-0.2102
0.8895,-1176010.4209,0.4528,0.0561
0.8895,-1176010.4209,0.4528,0.0042
0.8895,-1176010.4209,0.4528,-0.0609
0.8895,-1176010.4209,0.4528,0.0939
0.8895,-1176010.4209,0.4528,0.0606
0.8895,-1176010.4209,0.4528,0.1183
0.8895,-1176010.4209,0.4528,-0.0898
0.8895,-1176010.4209,0.4528,0.0839
0.8895,-1176010.4209,0.4528,-0.2102
0.8895,-1176010.4209,0.4528,0.1675
0.8895,-1176010.4209,0.4528,0.1231
0.8895,-1176010.4209,0.4528,0.1266
0.8895,-1176010.4209,0.4528,-0.1408
0.8895,-1176010.4209,0.4528,0.1679
0.8895,-1176010.4209,0.4528,0.0406
0.8895,-1176010.4209,0.4528,0.235
0.8895,-1176010.4209,0.4528,0.2042
0.8895,-1176010.4209,0.4528,0.235
0.8895,-1176010.4209,0.4528,0.0741
0.8895,-1176010.4209,0.4528,0.2649
0.8895,-1176010.4209,0.4528,-0.0777
0.8895,-1176010.4209,0.4528,-0.0145
0.8895,-1176010.4209,0.4528,-0.0856
0.8895,-1176010.4209,0.4528,-0.1494
0.8895,-1176010.4209,0.4528,0.1243
0.8895,-1176010.4209,0.4528,0.2525
0.8895,-1176010.4209,0.4528,0.0486
0.8895,-1176010.4209,0.4528,-0.2152
0.8895,-1176010.4209,0.4528,0.1084
0.8895,-1176010.4209,0.4528,0.2621
0.8895,-1176010.4209,0.4528,0.0829
0.8895,-1176010.4209,0.4528,0.1478
0.8895,-1176010.4209,0.4528,-0.17
0.8895,-1176010.4209,0.4528,-0.0665
0.8895,-1176010.4209,0.4528,0.1306
0.8895,-1176010.4209,0.4528,0.1622
0.8895,-1176010.4209,0.4528,-0.0604
0.8895,-1176010.4209,0.4528,-0.211
0.8895,-1176010.4209,0.4528,-0.1074
0.8895,-1176010.4209,0.4528,0.0099
0.8895,-1176010.4209,0.4528,-0.164
0.8895,-1176010.4209,0.4528,0.2159
0.8895,-1176010.4209,0.4528,-0.0651
0.8895,-1176010.4209,0.4528,-0.1816
0.8895,-1176010.4209,0.4528,-0.152
0.8895,-1176010.4209,0.4528,-0.0945
0.8895,-1176010.4209,0.4528,0.2325
0.8895,-1176010.4209,0.4528,0.11
0.8895,-1176010.4209,0.4528,0.0366
0.8895,-1176010.4209,0.4528,0.0958
0.8895,-1176010.4209,0.4528,-0.0228
0.8895,-1176010.4209,0.4528,0.2458
0.8895,-1176010.4209,0.4528,0.1239
0.8895,-1176010.4209,0.4528,-0.0608
0.8895,-1176010.4209,0.4528,0.1403
0.8895,-1176010.4209,0.4528,0.2083
0.8895,-1176010.4209,0.4528,0.0508
0.8895,-1176010.4209,0.4528,0.2568
0.8895,-1176010.4209,0.4528,0.2657
0.8895,-1176010.4209,0.4528,-0.2029
0.8895,-1176010.4209,0.4528,-0.1059
0.8895,-1176010.4209,0.4528,0.2706
0.8895,-1176010.4209,0.4528,-0.0127
0.8895,-1176010.4209,0.4528,0.1017
0.8895,-1176010.4209,0.4528,0.2295
0.8895,-1176010.4209,0.4528,-0.1106
0.8895,-1176010.4209,0.4528,0.1978
0.8895,-1176010.4209,0.4528,0.0182
0.8895,-1176010.4209,0.4528,-0.1376
0.8895,-1176010.4209,0.4528,-0.2067
0.8895,-1176010.4209,0.4528,-0.0375
0.8895,-1176010.4209,0.4528,-0.0177
0.8895,-1176010.4209,0.4528,0.2539
0.8895,-1176010.4209,0.4528,0.0466
0.8895,-1176010.4209,0.4528,0.191
0.8895,-1176010.4209,0.4528,0.0611
0.8895,-1176010.4209,0.4528,0.132
0.8895,-1176010.4209,0.4528,0.0641
0.8895,-1176010.4209,0.4528,0.2471
0.8895,-1176010.4209,0.4528,-0.206
0.8895,-1176010.4209,0.4528,0.1127
0.8895,-1176010.4209,0.4528,0.0064
0.8895,-1176010.4209,0.4528,-0.0217
0.8895,-1176010.4209,0.4528,0.0832
0.8895,-1176010.4209,0.4528,-0.1511
0.8895,-1176010.4209,0.4528,0.142
0.8895,-1176010.4209,0.4528,0.2213
0.8895,-1176010.4209,0.4528,-0.0794
0.8895,-1176010.4209,0.4528,0.0941
0.8895,-1176010.4209,0.4528,-0.0628
0.8895,-1176010.4209,0.4528,0.0971
0.8895,-1176010.4209,0.4528,-0.0871
0.8895,-1176010.4209,0.4528,0.0872
0.8895,-1176010.4209,0.4528,0.2521
0.8895,-1176010.4209,0.4528,0.106
0.8895,-1176010.4209,0.4528,-0.2232
0.8895,-1176010.4209,0.4528,-0.0796
0.8895,-1176010.4209,0.4528,0.0527
0.8895,-1176010.4209,0.4528,-0.0418
0.8895,-1176010.4209,0.4528,0.1232
0.8895,-1176010.4209,0.4528,0.0621
0.8895,-1176010.4209,0.4528,0.088
0.8895,-1176010.4209,0.4528,-0.1416
0.8895,-1176010.4209,0.4528,0.251
0.8895,-1176010.4209,0.4528,0.1488
0.8895,-1176010.4209,0.4528,-0.1751
0.8895,-1176010.4209,0.4528,-0.2023
0.8895,-1176010.4209,0.4528,-0.055
0.8895,-1176010.4209,0.4528,-0.1081
0.8895,-1176010.4209,0.4528,-0.1625
0.8895,-1176010.4209,0.4528,-0.1895
0.8895,-1176010.4209,0.4528,-0.2017
0.8895,-1176010.4209,0.4528,-0.0174
0.8895,-1176010.4209,0.4528,-0.0469
0.8895,-1176010.4209,0.4528,0.2164
0.8895,-1176010.4209,0.4528,-0.1836
0.8895,-1176010.4209,0.4528,0.1328
0.8895,-1176010.4209,0.4528,0.2702
0.8895,-1176010.4209,0.4528,-0.1007
0.8895,-1176010.4209,0.4528,0.2181
0.8895,-1176010.4209,0.4528,0.2632
0.8895,-1176010.4209,0.4528,0.2241
0.8895,-1176010.4209,0.4528,0.1293
0.8895,-1176010.4209,0.4528,-0.0296
0.8895,-1176010.4209,0.4528,0.04
0.8895,-1176010.4209,0.4528,-0.1157
0.8895,-1176010.4209,0.4528,-0.0711
0.8895,-1176010.4209,0.4528,-0.12
0.8895,-1176010.4209,0.4528,-0.0112
0.8895,-1176010.4209,0.4528,0.0882
0.8895,-1176010.4209,0.4528,0.2089
0.8895,-1176010.4209,0.4528,0.174
0.8895,-1176010.4209,0.4528,0.2341
0.8895,-1176010.4209,0.4528,0.2511
0.8895,-1176010.4209,0.4528,0.2182
0.8895,-1176010.4209,0.4528,0.2213
0.8895,-1176010.4209,0.4528,0.0716
0.8895,-1176010.4209,0.4528,-0.168
0.8895,-1176010.4209,0.4528,0.2427
0.8895,-1176010.4209,0.4528,-0.0356
0.8895,-1176010.4209,0.4528,0.1031
0.8895,-1176010.4209,0.4528,-0.1002
0.8895,-1176010.4209,0.4528,-0.0464
0.8895,-1176010.4209,0.4528,-0.1979
0.8895,-1176010.4209,0.4528,0.1667
0.8895,-1176010.4209,0.4528,-0.1097
0.8895,-1176010.4209,0.4528,0.2128
0.8895,-1176010.4209,0.4528,-0.0131
0.8895,-1176010.4209,0.4528,-0.1763
0.8895,-1176010.4209,0.4528,0.1388
0.8895,-1176010.4209,0.4528,0.1988
0.8895,-1176010.4209,0.4528,0.1192
0.8895,-1176010.4209,0.4528,-0.1772
0.8895,-1176010.4209,0.4528,-0.05
0.8895,-1176010.4209,0.4528,-0.1587
0.8895,-1176010.4209,0.4528,0.0038
0.8895,-1176010.4209,0.4528,0.2659
0.8895,-1176010.4209,0.4528,0.2046
0.8895,-1176010.4209,0.4528,-0.1858
0.8895,-1176010.4209,0.4528,0.1064
0.8895,-1176010.4209,0.4528,-0.1463
0.8895,-1176010.4209,0.4528,-0.0899
0.8895,-1176010.4209,0.4528,-0.0653
0.8895,-1176010.4209,0.4528,-0.1951
0.8895,-1176010.4209,0.4528,0.2246
0.8895,-1176010.4209,0.4528,-0.0728
0.8895,-1176010.4209,0.4528,0.2364
0.8895,-1176010.4209,0.4528,0.1291
0.8895,-1176010.4209,0.4528,0.0064
0.8895,-1176010.4209,0.4528,0.0898
0.8895,-1176010.4209,0.4528,0.1696
0.8895,-1176010.4209,0.4528,0.1999
0.8895,-1176010.4209,0.4528,0.1169
0.8895,-1176010.4209,0.4528,0.2007
0.8895,-1176010.4209,0.4528,0.2699
0.8895,-1176010.4209,0.4528,-0.1556
0.8895,-1176010.4209,0.4528,0.2441
0.8895,-1176010.4209,0.4528,-0.2089
0.8895,-1176010.4209,0.4528,-0.216
0.8895,-1176010.4209,0.4528,-0.1727
0.8895,-1176010.4209,0.4528,-0.1788
0.8895,-1176010.4209,0.4528,0.148
0.8895,-1176010.4209,0.4528,-0.0972
0.8895,-1176010.4209,0.4528,-0.1033
0.8895,-1176010.4209,0.4528,0.0469
0.8895,-1176010.4209,0.4528,0.0815
0.8895,-1176010.4209,0.4528,0.2651
0.8895,-1176010.4209,0.4528,0.0117
0.8895,-1176010.4209,0.4528,-0.1152
0.8895,-1176010.4209,0.4528,-0.1254
0.8895,-1176010.4209,0.4528,-0.1758
0.8895,-1176010.4209,0.4528,0.1429
0.8895,-1176010.4209,0.4528,-0.1819
0.8895,-1176010.4209,0.4528,0.1656
0.8895,-1176010.4209,0.4528,-0.0584
0.8895,-1176010.4209,0.4528,-0.0279
0.8895,-1176010.4209,0.4528,-0.0238
0.8895,-1176010.4209,0.4528,0.1681
0.8895,-1176010.4209,0.4528,0.0306
0.8895,-1176010.4209,0.4528,0.2017
0.8895,-1176010.4209,0.4528,-0.1948
0.8895,-1176010.4209,0.4528,0.1432
0.8895,-1176010.4209,0.4528,-0.1166
0.8895,-1176010.4209,0.4528,-0.2041
0.8895,-1176010.4209,0.4528,0.192
0.8895,-1176010.4209,0.4528,0.1909
0.8895,-1176010.4209,0.4528,-0.1915
0.8895,-1176010.4209,0.4528,0.0551
0.8895,-1176010.4209,0.4528,-0.0912
0.8895,-1176010.4209,0.4528,0.2345
0.8895,-1176010.4209,0.4528,-0.0561
0.8895,-1176010.4209,0.4528,0.2142
0.8895,-1176010.4209,0.4528,-0.1251
0.8895,-1176010.4209,0.4528,0.1315
0.8895,-1176010.4209,0.4528,-0.1778
0.8895,-1176010.4209,0.4528,0.2415
0.8895,-1176010.4209,0.4528,-0.1168
0.8895,-1176010.4209,0.4528,0.1633
0.8895,-1176010.4209,0.4528,0.0862
0.8895,-1176010.4209,0.4528,0.1411
0.8895,-1176010.4209,0.4528,0.1382
0.8895,-1176010.4209,0.4528,-0.1947
0.8895,-1176010.4209,0.4528,-0.1593
0.8895,-1176010.4209,0.4528,0.0161
0.8895,-1176010.4209,0.4528,-0.0893
0.8895,-1176010.4209,0.4528,-0.1108
0.8895,-1176010.4209,0.4528,0.2458
0.8895,-1176010.4209,0.4528,-0.1712
0.8895,-1176010.4209,0.4528,0.0049
0.8895,-1176010.4209,0.4528,-0.0834
0.8895,-1176010.4209,0.4528,0.2003
0.8895,-1176010.4209,0.4528,-0.18
0.8895,-1176010.4209,0.4528,-0.072
0.8895,-1176010.4209,0.4528,-0.1506
0.8895,-1176010.4209,0.4528,0.1455
0.8895,-1176010.4209,0.4528,-0.1336
0.8895,-1176010.4209,0.4528,0.0542
0.8895,-1176010.4209,0.4528,0.0288
0.8895,-1176010.4209,0.4528,-0.1922
0.8895,-1176010.4209,0.4528,0.2352
0.8895,-1176010.4209,0.4528,-0.126
0.8895,-1176010.4209,0.4528,-0.0186
0.8895,-1176010.4209,0.4528,-0.0321
0.8895,-1176010.4209,0.4528,0.1878
0.8895,-1176010.4209,0.4528,0.2545
0.8895,-1176010.4209,0.4528,-0.0525
0.8895,-1176010.4209,0.4528,0.2431
0.8895,-1176010.4209,0.4528,0.0715
0.8895,-1176010.4209,0.4528,0.1933
0.8895,-1176010.4209,0.4528,-0.1254
0.8895,-1176010.4209,0.4528,-0.1183
0.8895,-1176010.4209,0.4528,0.1638
0.8895,-1176010.4209,0.4528,0.0635
0.8895,-1176010.4209,0.4528,0.266
0.8895,-1176010.4209,0.4528,-0.1162
0.8895,-1176010.4209,0.4528,-0.1328
0.8895,-1176010.4209,0.4528,0.2288
0.8895,-1176010.4209,0.4528,0.0505
0.8895,-1176010.4209,0.4528,0.1232
0.8895,-1176010.4209,0.4528,-0.1541
0.8895,-1176010.4209,0.4528,-0.1207
0.8895,-1176010.4209,0.4528,-0.0486
0.8895,-1176010.4209,0.4528,-0.0358
0.8896,-1176010.1714,0.4528,0.0241
0.8896,-1176010.1714,0.4528,-0.0985
0.8896,-1176010.1714,0.4528,-0.062
0.8896,-1176010.1714,0.4528,-0.0284
0.8896,-1176010.1714,0.4528,0.1949
0.8896,-1176010.1714,0.4528,-0.0652
0.8896,-1176010.1714,0.4528,0.0454
0.8896,-1176010.1714,0.4528,0.0817
0.8896,-1176010.1714,0.4528,0.1883
0.8896,-1176010.1714,0.4528,0.275
0.8896,-1176010.1714,0.4528,-0.0447
0.8896,-1176010.1714,0.4528,-0.0694
0.8896,-1176010.1714,0.4528,-0.1706
0.8896,-1176010.1714,0.4528,-0.0447
0.8896,-1176010.1714,0.4528,0.0187
0.8896,-1176010.1714,0.4528,-0.1767
0.8896,-1176010.1714,0.4528,0.0252
0.8896,-1176010.1714,0.4528,-0.1591
0.8896,-1176010.1714,0.4528,0.0867
0.8896,-1176010.1714,0.4528,-0.0499
0.8896,-1176010.1714,0.4528,-0.0992
0.8896,-1176010.1714,0.4528,0.0548
0.8896,-1176010.1714,0.4528,0.1403
0.8896,-1176010.1714,0.4528,-0.0118
0.8896,-1176010.1714,0.4528,0.1714
0.8896,-1176010.1714,0.4528,0.129
0.8896,-1176010.1714,0.4528,0.0055
0.8896,-1176010.1714,0.4528,0.1082
0.8896,-1176010.1714,0.4528,-0.0042
0.8896,-1176010.1714,0.4528,-0.0786
0.8896,-1176010.1714,0.4528,-0.0327
0.8896,-1176010.1714,0.4528,-0.1115
0.8896,-1176010.1714,0.4528,0.1261
0.8896,-1176010.1714,0.4528,0.0326
0.8896,-1176010.1714,0.4528,-0.2174
0.8896,-1176010.1714,0.4528,0.1392
0.8896,-1176010.1714,0.4528,0.0877
0.8896,-1176010.1714,0.4528,0.0059
0.8896,-1176010.1714,0.4528,0.273
0.8896,-1176010.1714,0.4528,-0.1651
0.8896,-1176010.1714,0.4528,0.2045
0.8896,-1176010.1714,0.4528,0.0322
0.8896,-1176010.1714,0.4528,0.2539
0.8896,-1176010.1714,0.4528,0.1259
0.8896,-1176010.1714,0.4528,-0.2131
0.8896,-1176010.1714,0.4528,-0.0486
0.8896,-1176010.1714,0.4528,-0.0833
0.8896,-1176010.1714,0.4528,0.1982
0.8896,-1176010.1714,0.4528,0.0533
0.8896,-1176010.1714,0.4528,0.2145
0.8896,-1176010.1714,0.4528,0.2362
0.8896,-1176010.1714,0.4528,0.0264
0.8896,-1176010.1714,0.4528,0.0981
0.8896,-1176010.1714,0.4528,-0.0732
0.8896,-1176010.1714,0.4528,0.2432
0.8896,-1176010.1714,0.4528,0.0054
0.8896,-1176010.1714,0.4528,0.1049
0.8896,-1176010.1714,0.4528,0.2066
0.8896,-1176010.1714,0.4528,-0.2106
0.8896,-1176010.1714,0.4528,0.0042
0.8896,-1176010.1714,0.4528,-0.0989
0.8896,-1176010.1714,0.4528,-0.0472
0.8896,-1176010.1714,0.4528,0.0904
0.8896,-1176010.1714,0.4528,-0.1486
0.8896,-1176010.1714,0.4528,-0.0164
0.8896,-1176010.1714,0.4528,0.1573
0.8896,-1176010.1714,0.4528,0.1698
0.8896,-1176010.1714,0.4528,-0.0269
0.8896,-1176010.1714,0.4528,0.1346
0.8896,-1176010.1714,0.4528,0.1193
0.8896,-1176010.1714,0.4528,0.1981
0.8896,-1176010.1714,0.4528,-0.0986
0.8896,-1176010.1714,0.4528,-0.2249
0.8896,-1176010.1714,0.4528,0.1724
0.8896,-1176010.1714,0.4528,-0.0799
0.8896,-1176010.1714,0.4528,0.0394
0.8896,-1176010.1714,0.4528,-0.0891
0.8896,-1176010.1714,0.4528,-0.1774
0.8896,-1176010.1714,0.4528,0.0137
0.8896,-1176010.1714,0.4528,-0.1443
0.8896,-1176010.1714,0.4528,0.066
0.8896,-1176010.1714,0.4528,-0.0781
0.8896,-1176010.1714,0.4528,-0.2033
0.8896,-1176010.1714,0.4528,0.1632
0.8896,-1176010.1714,0.4528,0.0142
0.8896,-1176010.1714,0.4528,-0.1586
0.8896,-1176010.1714,0.4528,-0.05
0.8896,-1176010.1714,0.4528,0.1788
0.8896,-1176010.1714,0.4528,-0.2032
0.8896,-1176010.1714,0.4528,0.0702
0.8896,-1176010.1714,0.4528,0.2651
0.8896,-1176010.1714,0.4528,0.2185
0.8896,-1176010.1714,0.4528,-0.0779
0.8896,-1176010.1714,0.4528,-0.104
0.8896,-1176010.1714,0.4528,0.0528
0.8896,-1176010.1714,0.4528,0.1039
0.8896,-1176010.1714,0.4528,0.1452
0.8896,-1176010.1714,0.4528,0.0179
0.8896,-1176010.1714,0.4528,0.2045
0.8896,-1176010.1714,0.4528,0.0887
0.8896,-1176010.1714,0.4528,-0.0006
0.8896,-1176010.1714,0.4528,0.1326
0.8896,-1176010.1714,0.4528,0.1824
0.8896,-1176010.1714,0.4528,0.1762
0.8896,-1176010.1714,0.4528,0.2568
0.8896,-1176010.1714,0.4528,0.1039
0.8896,-1176010.1714,0.4528,0.0964
0.8896,-1176010.1714,0.4528,0.2603
0.8896,-1176010.1714,0.4528,0.1883
0.8896,-1176010.1714,0.4528,-0.0378
0.8896,-1176010.1714,0.4528,0.2419
0.8896,-1176010.1714,0.4528,-0.1022
0.8896,-1176010.1714,0.4528,0.1957
0.8896,-1176010.1714,0.4528,0.0196
0.8896,-1176010.1714,0.4528,-0.0237
0.8896,-1176010.1714,0.4528,0.0844
0.8896,-1176010.1714,0.4528,-0.0374
0.8896,-1176010.1714,0.4528,-0.1698
0.8896,-1176010.1714,0.4528,0.2504
0.8896,-1176010.1714,0.4528,-0.0607
0.8896,-1176010.1714,0.4528,-0.1356
0.8896,-1176010.1714,0.4528,-0.2015
0.8896,-1176010.1714,0.4528,-0.0274
0.8896,-1176010.1714,0.4528,0.1299
